periodo,inicio,fim
2017.2,09/10/2017,17/03/2018
2018.1,09/04/2018,06/08/2018
2018.2,20/08/2018,19/12/2018
2019.1,11/03/2019,08/07/2019
2019.2,06/08/2019,07/12/2019
2020.3,01/09/2020,05/12/2020
2020.1,22/02/2021,26/05/2021
2020.2,21/06/2021,18/10/2021
2021.1,22/11/2021,02/04/2022
2021.2,02/05/2022,29/08/2022
2022.1,26/09/2022,11/02/2023
2022.2,13/03/2023,23/06/2023
2023.1,24/07/2023,11/11/2023
2023.2,01/02/2024,14/05/2024
2024.1,17/06/2024,09/10/2024
2024.2,18/11/2024,17/04/2025
2025.1,02/06/2025,03/10/2025
2025.2,16/10/2025,27/03/2026
2026.1,13/04/2026,21/08/2026
2026.2,08/09/2026,26/02/2027
